[{"model": "admin.logentry", "pk": 39, "fields": {"action_time": "2022-08-22T01:44:05.090Z", "user": 2, "content_type": 4, "object_id": "1", "object_repr": "lynch", "action_flag": 3, "change_message": ""}}, {"model": "admin.logentry", "pk": 40, "fields": {"action_time": "2022-08-22T01:44:35.258Z", "user": 2, "content_type": 4, "object_id": "2", "object_repr": "admin", "action_flag": 2, "change_message": "[]"}}, {"model": "admin.logentry", "pk": 41, "fields": {"action_time": "2022-08-22T01:44:38.295Z", "user": 2, "content_type": 4, "object_id": "2", "object_repr": "admin", "action_flag": 2, "change_message": "[]"}}, {"model": "admin.logentry", "pk": 42, "fields": {"action_time": "2022-08-22T01:44:55.308Z", "user": 2, "content_type": 4, "object_id": "2", "object_repr": "admin", "action_flag": 2, "change_message": "[{\"changed\": {\"fields\": [\"First name\", \"Last name\"]}}]"}}, {"model": "admin.logentry", "pk": 43, "fields": {"action_time": "2022-08-22T19:43:47.156Z", "user": 2, "content_type": 14, "object_id": "75", "object_repr": "test", "action_flag": 3, "change_message": ""}}, {"model": "admin.logentry", "pk": 44, "fields": {"action_time": "2022-08-22T19:43:50.976Z", "user": 2, "content_type": 14, "object_id": "76", "object_repr": "test1", "action_flag": 3, "change_message": ""}}, {"model": "admin.logentry", "pk": 45, "fields": {"action_time": "2022-08-22T19:43:55.288Z", "user": 2, "content_type": 14, "object_id": "77", "object_repr": "test3", "action_flag": 3, "change_message": ""}}, {"model": "admin.logentry", "pk": 46, "fields": {"action_time": "2022-08-22T19:43:58.405Z", "user": 2, "content_type": 14, "object_id": "78", "object_repr": "test4", "action_flag": 3, "change_message": ""}}, {"model": "auth.user", "pk": 2, "fields": {"password": "pbkdf2_sha256$260000$SPxOFku6tzNbVAMvMqzkFz$er3H3HSpYGgbfQ7IVd1LPsav1zhNNtR1F+rJgEjcjhk=", "last_login": "2022-08-22T19:43:26.077Z", "is_superuser": true, "username": "admin", "first_name": "Daniel", "last_name": "Lynch", "email": "admin@admin.com", "is_staff": true, "is_active": true, "date_joined": "2022-08-22T01:43:06Z", "groups": [], "user_permissions": []}}, {"model": "auth.user", "pk": 3, "fields": {"password": "pbkdf2_sha256$260000$T7eeA16HEf9XyGJ3QYWcY1$lOuKmoMAcowJShJ9cBIvi7y+8c/7+OVei142MfyGHZ8=", "last_login": null, "is_superuser": false, "username": "testUser1", "first_name": "", "last_name": "", "email": "test@testing133.com", "is_staff": false, "is_active": true, "date_joined": "2022-08-22T01:47:37.204Z", "groups": [], "user_permissions": []}}, {"model": "auth.user", "pk": 4, "fields": {"password": "pbkdf2_sha256$260000$LTYWMQo4EY8Z9Y6i8wm5pg$ZEKG/Mr6E3foydY/C0jJ+VHDJKWfha2ZsRhqOJVPJjg=", "last_login": "2022-08-22T01:50:35.981Z", "is_superuser": false, "username": "testUser10", "first_name": "", "last_name": "", "email": "testingUser@user.com", "is_staff": false, "is_active": true, "date_joined": "2022-08-22T01:49:52.526Z", "groups": [], "user_permissions": []}}, {"model": "sessions.session", "pk": "02vhlfty580v8t13xedguw7zqet4h0vg", "fields": {"session_data": ".eJw1zL8KwjAQB-BXOX7zDeKfDtl08QEcmxIOcy0RTSCXFqT03YuD6zd8K0wWDSmPBW6UtynjKbXBrTid4bqNET5qJpMaHPreI4SXlfxXD6YD0_HC5HGNUSPdxIzuc2pS6dFqypNRK_Qtc6Vf7jEM2HbOoCi0:1oPmvI:38yvzRn_y26hX0oKE6CQYxTSQFY3vEhcuEEJjeslwcE", "expire_date": "2022-09-04T15:31:36.025Z"}}, {"model": "sessions.session", "pk": "0wg6hh938yrdv3j0nh689bxba23xtyxz", "fields": {"session_data": "eyJzYXZlX2luZm8iOmZhbHNlfQ:1oCidV:5YotTs9V6gUHy88Sg1OMG24EShu1TdoAeB-eQolmB1Q", "expire_date": "2022-07-30T14:19:13.440Z"}}, {"model": "sessions.session", "pk": "3puap0cw3i9g0y0ma4c2k9wg5l0v5tyk", "fields": {"session_data": ".eJxVjMsOgjAQRf-la9PA9MFj6d5vaKadQaqmJRQSjfHfhYSFbs85976Fw3UZ3Vp4dpFEL2px-mUew53TLuiG6ZplyGmZo5d7Ig9b5CUTP85H-3cwYhm3tRkCAXVEFjs7oPeg0IahqbQC1jVbXW20YUMWWuWDBjIqdGCxNUYR7KeFS4k5OX5OcX6Jvvp8Ab7NP5o:1o1PQS:kZwMQpA9QiowPEwZ0rW1Bu81Qxx5yByj_j1ZHSIf7b4", "expire_date": "2022-06-29T09:35:00.567Z"}}, {"model": "sessions.session", "pk": "40fl01ij3k0nj4icb52m9ykdfvwjncsg", "fields": {"session_data": ".eJw1zbEKgzAUBdBfudw5Q7UKJZuF_kAdjYRgHhJJE0jsUMR_Lx26nuUcXFzZqQ92N-rmVLQvqdWtUqk5TYbWbjWnvxoqXBTaXsFw8F48HiUFwd3FiK699niGtGKMwUvBnvHJ74JfYjjPPL_fuCPV:1oPv3Y:mvCZftdInYT4dSYYvFN46xn-IPuz1JQsArdRd01OsDw", "expire_date": "2022-09-05T00:12:40.736Z"}}, {"model": "sessions.session", "pk": "4mt1wcz1ap7y1acajt1z0nw9tliit5ne", "fields": {"session_data": ".eJyrVkpOLCpRsqpWMgIRmSWpucXxSZXxZYlFmYklmfl5INGcDCUrQx2lIhBVW6ujZIFbKVyNoTl-RWa1QAAAe0Iq7g:1oBcQB:G-K1Dxej9M0venQsiHCfwJO8zu6nB30pkkb1KAomhuU", "expire_date": "2022-07-27T13:28:55.108Z"}}, {"model": "sessions.session", "pk": "4xjpfw2ebs9p1yuo2vtbvll0ifxfjdby", "fields": {"session_data": "eyJzYXZlX2luZm8iOmZhbHNlLCJjYXJ0Ijp7IjIiOnsiaXRlbXNfYnlfdmFyaWF0aW9uIjp7InJoIjoxfX19fQ:1oPoRE:wFkCzXIg91wBSPviMbuAYrVvhrZtivKMpYxzRPCrdCA", "expire_date": "2022-09-04T17:08:40.122Z"}}, {"model": "sessions.session", "pk": "637pe0fqwm7hctof3p5bbbduftummkha", "fields": {"session_data": "eyJjYXJ0Ijp7IjMiOnsiaXRlbXNfYnlfdmFyaWF0aW9uIjp7InJoIjoxfX19fQ:1oPuKL:TwDkd-138brS_pKplqpmFrrfPOZVCnejsSgibx8oleQ", "expire_date": "2022-09-04T23:25:57.715Z"}}, {"model": "sessions.session", "pk": "8d79rd6g29ntgzahk6gxkn5fnosbxl57", "fields": {"session_data": "eyJzYXZlX2luZm8iOmZhbHNlfQ:1oPnKi:15r1EouPlgDBzY6LBRv_Dm5fzWDwR4rrdeILOFPCmdg", "expire_date": "2022-09-04T15:57:52.925Z"}}, {"model": "sessions.session", "pk": "9bqmwf05qkjrk0yhh7phk6u866yow5po", "fields": {"session_data": ".eJyrVkpOLCpRsqpWMjQGkZklqbnF8UmV8WWJRZmJJZn5eSDRogwlK-PaWh0lQ_xqDEFqjE3BDABr-R4Z:1oCHnj:6p5-XyfFavAPQlO-TZ5UeYILG3dWfPLVv2xaj5Z8TyQ", "expire_date": "2022-07-29T09:39:59.317Z"}}, {"model": "sessions.session", "pk": "9nql920nih73feo6b855td40qckcedz4", "fields": {"session_data": "eyJjYXJ0Ijp7IjIiOjJ9fQ:1oBbhN:NoizCC_VCtofhUOzLXefDEaLlIc0KKKRIsX-p1X2VFM", "expire_date": "2022-07-27T12:42:37.927Z"}}, {"model": "sessions.session", "pk": "bkrqgrcbwshk2th9otd0uz70ky87nbwm", "fields": {"session_data": ".eJw1zbEKwjAQBuBXOf75Bq0tlGwKvoCOTQnBXEskJpCrgpS-uzh0_ZZvhfqPuJinAjP5pMJ4-LrArGh7mOPGcC9R9bMoDIbBwrmnlryrBdOBqemYLM4hSKBrzVHo4lOitjl1dIt5pnuKQSothb7lXemfWIwjth_2_ipE:1oPv3F:Q9bR5efVpNMryeHpq8ZUo_YE_IidHVhhC2L0EnrzfOs", "expire_date": "2022-09-05T00:12:21.364Z"}}, {"model": "sessions.session", "pk": "cknwm27jcjpnfwtcey7ut4atx0secw1s", "fields": {"session_data": ".eJxVjDsOwjAQBe_iGlnJ4i8lPWewdu01DiBbipMKcXcSKQW0b2beWwRclxLWznOYkrgIEKffjTA-ue4gPbDem4ytLvNEclfkQbu8tcSv6-H-HRTsZas9Wc5ZESBwhJTA0ABeIzg7AG7AK43sjY_aZGd1ZHao6MzWj6MGJz5f_bk4Fg:1oQDL4:1FbaQW4EgdMgvDIQctS269g0-zDv4AZhGtTcwcJt8-Y", "expire_date": "2022-09-05T19:43:58.622Z"}}, {"model": "sessions.session", "pk": "cmd7yp76q4alawdt3q3rtddfgzdkrvrq", "fields": {"session_data": "eyJjYXJ0Ijp7IjEiOnsiaXRlbXNfYnlfdmFyaWF0aW9uIjp7ImxoIjoxLCJyaCI6Mn19fX0:1oBhl9:Jt563EeuxkUt6S7eOcZkjOX5MtG6kBiHjsbO63WWcFs", "expire_date": "2022-07-27T19:10:55.745Z"}}, {"model": "sessions.session", "pk": "cubq9474vryonnbsh8cvwdpjovrtg5nk", "fields": {"session_data": "eyJjYXJ0Ijp7IjIiOnsiaXRlbXNfYnlfdmFyaWF0aW9uIjp7InJoIjoxfX19fQ:1oPoXP:hw6QZxk-bLjShltfqeUkJXKWCnM_mw2PVnKplvaFVaU", "expire_date": "2022-09-04T17:15:03.223Z"}}, {"model": "sessions.session", "pk": "delfj7e2j1xtzocrnk2o1860t4rcjbli", "fields": {"session_data": "eyJjYXJ0Ijp7IjIiOnsiaXRlbXNfYnlfdmFyaWF0aW9uIjp7InJoIjoxfX19fQ:1oBzWC:n-WqO7tHzQEQT9cbvJAlaX_tiPPSfOyZ-RBFQLQwRM8", "expire_date": "2022-07-28T14:08:40.723Z"}}, {"model": "sessions.session", "pk": "ex59qvzrp3ivg6wzhea3l18r02xde6w8", "fields": {"session_data": ".eJyrVkpOLCpRsqpWMgYRmSWpucXxSZXxZYlFmYklmfl5INGiDCUro9paHSUT_GoMa4EAAJCLHKc:1oCWQp:G2cXmk-m6YAXe5abpO9tsN03ECe_uQg_k2abKUr2AUc", "expire_date": "2022-07-30T01:17:19.314Z"}}, {"model": "sessions.session", "pk": "i89huehpvryv25yg7krjhfag77o5co1t", "fields": {"session_data": "eyJjYXJ0Ijp7fX0:1oNmkw:fYe22SQDgKIr7k1uAPn9WkzVYf3oN-DsJvbY1goXng0", "expire_date": "2022-08-30T02:56:38.579Z"}}, {"model": "sessions.session", "pk": "ircvfkfbl73r97v0kck52disyo82l3ov", "fields": {"session_data": ".eJw1zbEKwyAUBdBfudzZodgEilsL_YFkjEGkPoLFKmgyhJB_Lx26nuUcfPm60hzsbjT6VHQfac0v0mg4TZbOvVvJf7VUuCjoXsHyHoIEPGuOgodPCZ2-9hhiXjCmGKRiLdjLVvFLLOeZ5xfgGyPW:1oPv3h:bW16aK8MiiPhbdkZAUpDhEC-207lEnzOhvtOqtK4h_E", "expire_date": "2022-09-05T00:12:49.092Z"}}, {"model": "sessions.session", "pk": "m5xb4rxku869dw3y4e8x94xwpgalueua", "fields": {"session_data": ".eJxVjDsOgzAQBe_iOrJg_eFTps8ZrLV3HZMgW8KQJsrdAxIN7cy89xUVP-ymHIsYI86Vb8Lhtia3VV7cRGIUrbgwj-HN-RD0wvwsMpS8LpOXRyJPW-WjEM_3s70cJKxpX5sYCGggsjjYiN6DQhti12gFrFu2utlpx4Ys9MoHDWRUGMBib4wiEL8_mb0-zA:1oCjPI:U5YwBoS-a7ztS7oNGCLPY-r0Go0brsfLTbjh1PgY7Eo", "expire_date": "2022-07-30T15:08:36.540Z"}}, {"model": "sessions.session", "pk": "m8zc4j4bl0j3eq0n5tgw22qrxsvl3qxg", "fields": {"session_data": "eyJzYXZlX2luZm8iOmZhbHNlLCJjYXJ0Ijp7IjE5Ijp7Iml0ZW1zX2J5X3ZhcmlhdGlvbiI6eyJyaCI6MX19fX0:1oPnH4:vPwMj0XAP_kuFESjtZHvVqSQ5fD2lKJkFJuZYxBDDrw", "expire_date": "2022-09-04T15:54:06.457Z"}}, {"model": "sessions.session", "pk": "mh5kgg6icos20kqjt3fld0504jyh1hq6", "fields": {"session_data": "eyJjYXJ0Ijp7IjE3Ijp7Iml0ZW1zX2J5X3ZhcmlhdGlvbiI6eyJyaCI6NCwibGgiOjN9fX19:1oBsJ4:HYWAqE3qgdI7WWaJc8bcJLG38xDKs0uTd1BBeHpxTAM", "expire_date": "2022-07-28T06:26:38.414Z"}}, {"model": "sessions.session", "pk": "p42yeez7t38ytfbv21halzgf0h07wzfr", "fields": {"session_data": "eyJjYXJ0Ijp7IjIiOjUsIjQ5IjoxLCI3MSI6MSwiMyI6M319:1oBbdU:dDg7JemFsga41kJkyYFNiYPiNheEeaUjimDGwyrrDNU", "expire_date": "2022-07-27T12:38:36.012Z"}}, {"model": "sessions.session", "pk": "pz44j1cna6daa3bt0we1ibd651s6j4y7", "fields": {"session_data": "eyJzYXZlX2luZm8iOmZhbHNlfQ:1oPnIa:fWArEyRkCAyFIqr24K4hIALsMskfq2TTeNM2hXZTF8U", "expire_date": "2022-09-04T15:55:40.571Z"}}, {"model": "sessions.session", "pk": "xrtfm900jn18k6djn13zs6k01od4c92m", "fields": {"session_data": ".eJxVjEsOgzAMBe_iNYqIEwfIsvueATl2KP0IJD4rxN0LEot2OzPvbdDyuvTtOuepfSpEsFD8ssTyzsMp9MXDYzQyDsv0TOZMzGVncx81f25X-3fQ89wfa-pEURvVwE3oOCV0HKSrSu8we5uDLw9aZdKAtUviUclJg4FrIqd4nApPC8QNECIVgBVEVwBZiHbfv9NrPxU:1oBX3I:9IyaxTyxIxxweA-_k_X6TxxX-X0gFCHH_gZbxYIsnb4", "expire_date": "2022-07-27T07:44:56.558Z"}}, {"model": "sites.site", "pk": 1, "fields": {"domain": "csguitars.example.com", "name": "CS Guitars"}}, {"model": "account.emailaddress", "pk": 2, "fields": {"user": 3, "email": "test@testing133.com", "verified": false, "primary": true}}, {"model": "account.emailaddress", "pk": 3, "fields": {"user": 4, "email": "testingUser@user.com", "verified": true, "primary": true}}, {"model": "products.category", "pk": 1, "fields": {"name": "electric_guitars", "friendly_name": "Electric Guitars"}}, {"model": "products.category", "pk": 2, "fields": {"name": "acoustic_guitars", "friendly_name": "Acoustic Guitars"}}, {"model": "products.category", "pk": 3, "fields": {"name": "clearance", "friendly_name": "Clearance"}}, {"model": "products.category", "pk": 4, "fields": {"name": "deals", "friendly_name": "Deals"}}, {"model": "products.category", "pk": 5, "fields": {"name": "bass_guitars", "friendly_name": "Bass Guitars"}}, {"model": "products.category", "pk": 6, "fields": {"name": "accessories", "friendly_name": "Accessories"}}, {"model": "products.category", "pk": 7, "fields": {"name": "boutique_amps", "friendly_name": "Boutique Amps"}}, {"model": "products.category", "pk": 8, "fields": {"name": "new_arrivals", "friendly_name": "New Arrivals"}}, {"model": "products.category", "pk": 9, "fields": {"name": "vintage_amps", "friendly_name": "Vintage Amps"}}, {"model": "products.category", "pk": 10, "fields": {"name": "pedals", "friendly_name": "Pedals"}}, {"model": "products.product", "pk": 1, "fields": {"category": 1, "sku": "pp5001234543", "in_lefty": true, "name": "Hartwood Revival Vibrato Semi Acoustic Guitar, Cherry Red", "description": "The Hartwood Revival Semi Acoustic will bring a classic edge to your sound. Its iconic semi acoustic style is matched with an authentic feel and a warm, traditional tone. This model has been designed to make your sound stand out. With a classic neck and bridge humbucker configuration and parallel tonebar bracing, this guitar produces a striking tone that will cut through the mix. It also delivers dynamic tonal possibilities thanks to a rich basswood body.", "price": 229.0, "rating": 4.6, "image": "54345.jpg"}}, {"model": "products.product", "pk": 2, "fields": {"category": 1, "sku": "pp5001426756", "in_lefty": true, "name": "Fender Custom Shop CuNiFe Telecaster Custom, Aged Chartreuse Sparkle", "description": "The Fender Custom Shop CuNiFe Telecaster revives a classic tone, encompassing all the traditional Fender characteristics that made the Telecaster so iconic - this guitar brings them into the modern era. Upholding Fender Custom Shop's prestige, this Telecaster is built to a level of excellence and craftsmanship only achievable with the utmost delicacy.", "price": 4399.0, "rating": 4.6, "image": "56746.jpg"}}, {"model": "products.product", "pk": 3, "fields": {"category": 1, "sku": "pp5001873233", "in_lefty": true, "name": "PRS Private Stock, Chesapeake Bay Bridge #PS9620", "description": "The PRS Ltd Edition Private Stock is the best of the best. All the premium woods which make it up have been hand selected from PRS's legendary Private Stock vault, which contains the finest woods you'll ever lay eyes on. It all starts with the curly maple which has been used for the top of this guitar. Rare and beautiful, this luscious wood offers incredible grain patterns which accentuate the pristine, professional-grade finish. And African ribbon mahogany makes up the back, providing a solid, seamless foundation for this guitar's looks and tone. This is far more than just a guitar - it's a piece of art.", "price": 10995.0, "rating": 4.6, "image": "59045.jpg"}}, {"model": "products.product", "pk": 4, "fields": {"category": 1, "sku": "pp5001123277", "in_lefty": true, "name": "Ibanez PIA3761, Stallion White", "description": "Unrivalled performance. Visionary style. A masterclass in both. To quote Steve Vai, the Ibanez PIA3761 is 'one of the best instruments in the universe.' Alongside breath taking good looks, this legendary axe gives you full access to fierce tonal textures, going from gritty bite to vicious crunch with just pick attack alone. Join one of the biggest guitar heroes on the planet, and unlock infinite creative freedom.", "price": 2899.0, "rating": 4.6, "image": "45768.jpg"}}, {"model": "products.product", "pk": 5, "fields": {"category": 3, "sku": "pp5001984563", "in_lefty": true, "name": "EVH Striped Frankie, Red/White/Black", "description": "Globally recognised. Universally adored. You don't need to be a historian to know that the EVH Striped Frankie is a cultural icon. Built to recreate Eddie Van Halen's legendary Frankenstein Stratocaster, this statement piece not only looks the part, but sounds fierce and phenomenal – just like the original. Unlock Van Halen's unorthodox playing style and engineering ingenuity. This is the ultimate guitar for tone, dependability, and style.", "price": 1099.0, "rating": 4.6, "image": "76876.jpg"}}, {"model": "products.product", "pk": 6, "fields": {"category": 1, "sku": "pp5001476098", "in_lefty": true, "name": "Gibson Les Paul Standard 60s, Iced Tea", "description": "Fall in love with tone. A Gibson Les Paul Standard '60s is your ticket to the iconic sounds of classic Les Pauls. Celebrated all over the world as one of the best guitars of all time, the Les Paul Standard has been used by countless legendary guitarists in a wide range of genres. This guitar provides a truly authentic '60s Gibson experience, perfectly encapsulating the look, feel, and most importantly, sound of a classic '60s Les Paul Standard.", "price": 1999.0, "rating": 4.6, "image": "57787.jpg"}}, {"model": "products.product", "pk": 7, "fields": {"category": 1, "sku": "pp5001238095", "in_lefty": true, "name": "Gibson Les Paul Custom, Ebony", "description": "...and on the seventh day, Gibson created yet another masterpiece. There's a reason why some of the most influential and iconic artists in music history swear by the Gibson Custom Les Paul. Classic, elegant, and versatile. This instrument handles any genre. From the roots of reggae to classic rock - nothing is off limits. The 490R and 498T humbuckers are perfect for handling any genre you're into.", "price": 4099.0, "rating": 4.6, "image": "98635.jpg"}}, {"model": "products.product", "pk": 8, "fields": {"category": 3, "sku": "pp5001457234", "in_lefty": true, "name": "Fender Player Telecaster MN, Tidepool", "description": "Pristine performance. Sensational sound. The Fender Player Telecaster MN presents one of Fender's most treasured models with a design that excels on the modern stage. Featuring a pair of Alnico 5 single-coil pickups, a tone of scintillating vintage quality ripples through the mix with each note you play. All the snap, bite, and character of a classic Tele, more accessible than ever before.", "price": 589.0, "rating": 4.6, "image": "73442.jpg"}}, {"model": "products.product", "pk": 9, "fields": {"category": 1, "sku": "pp5001000235", "in_lefty": true, "name": "Dean ML Select Floyd Quilt Top, Trans Brazilia", "description": "Sleek, sharp, superior. The Dean ML Select is the metalhead's dream, with a host of high quality features giving it the ability to roar with tonal aggression. If you like to make a lot of high gain noise on your guitar, then you'll instantly fall in love with the heavy, saturated sounds this musical machine is capable of producing. Two Seymour Duncan pickups in the neck and bridge help create a tone with bite, punch, and resounding aggression, which will send shivers down your spine.", "price": 749.0, "rating": 4.6, "image": "58848.jpg"}}, {"model": "products.product", "pk": 10, "fields": {"category": 1, "sku": "pp5001186386", "in_lefty": true, "name": "Epiphone Slash Les Paul, Anaconda Burst", "description": "The Epiphone Slash Les Paul is the latest iteration of Slash's iconic line of signature guitars. Synonymous with the single cutaway design of Les Pauls, the latest models have finishes based on Slash's pet snakes for a truly distinctive aesthetic. The Custom ProBucker pickups are replica's of Gibson's Custom BurstBuckers for premium performance, instantly delivering Slash's signature tones", "price": 649.0, "rating": 4.6, "image": "66687.jpg"}}, {"model": "products.product", "pk": 11, "fields": {"category": 1, "sku": "pp5001432435", "in_lefty": true, "name": "Dean Z X Floyd, Black Satin", "description": "Careful, they're hot! The duo of DMT Design humbuckers loaded into this guitar scream with power. Offering a tight, dynamic tone and mountains of energy, they'll blast your riffs out like bullets. The bridge pickup is perfect for rhythm playing, giving your notes pronounced bite and plenty of definition. Switch to the neck pickup for sensational, saturated lead tone. It gives your licks a rich, beefy voicing which makes each note glisten with saturation. Get rocking.", "price": 349.0, "rating": 4.5, "image": "55231.jpg"}}, {"model": "products.product", "pk": 12, "fields": {"category": 1, "sku": "pp5001877533", "in_lefty": true, "name": "Ibanez RG421MSP, Turquoise Sparkle", "description": "The Ibanez RG421MSP summons progressive greatness from all the elements. Designed to harness your aggression, you can unleash your destructive musical storm without worrying about whether your axe can handle it. The Rocky of the guitar world. The Wizard III maple neck is thin, flat and fast, and yet, will stay sturdy and take a beating like a champ.", "price": 339.0, "rating": 4.8, "image": "2227611.jpg"}}, {"model": "products.product", "pk": 13, "fields": {"category": 1, "sku": "pp5001254835", "in_lefty": true, "name": "PRS SE Standard 24, Translucent Blue", "description": "Classic design with enhanced playability. That is exactly what the PRS SE Standard 24 offers. Based on the Custom 24 model, it features the same dynamic 85/15 S pickups and sturdy hardware that provide firm tuning stability. Lose yourself in those magnificent vibrato techniques and perform confidently knowing your strings will return to pitch.", "price": 569.0, "rating": 5.0, "image": "688532.jpg"}}, {"model": "products.product", "pk": 14, "fields": {"category": 1, "sku": "pp5001153758", "in_lefty": true, "name": "Gretsch G2410TG Streamliner Hollow SC, Village Amber", "description": "A new take on a legendary tone... that is exactly what the Broad'Tron BT-2S humbuckers provide. Specifically designed for the Streamliner, they harness the same power as the renowned Broad'Trons but offer a much tighter bass tone and pronounced midrange. Immerse yourself in gleaming highs and explore the wonders of such a consistent, dynamic tone. They are perfect for modern players as they can meet every single demand and always sound fantastic. ", "price": 479.0, "rating": 4.9, "image": "888431.jpg"}}, {"model": "products.product", "pk": 15, "fields": {"category": 1, "sku": "pp5001355687", "in_lefty": true, "name": "SubZero Paradigm Electric Guitar, Black Burl Burst", "description": "Perform with confidence. The Paradigm's fretboard is crowned with 24 frets, and rock-solid locking tuners ensure your guitar remains in perfect pitch throughout bends and pick scrapes alike. Additionally, by reducing string slippage and the number of string winds required to reach your pitch, sustain and string life are improved. Ideal for gigging and studio performances.", "price": 249.0, "rating": 4.7, "image": "772111.jpg"}}, {"model": "products.product", "pk": 16, "fields": {"category": 2, "sku": "pp5001699009", "in_lefty": true, "name": "Fender Acoustasonic Player Telecaster, Butterscotch Blonde", "description": "The Fender Acoustasonic Player Telecaster is an evolution of Fender's fantastic Acoustasonic platform. This acoustic-electric guitar offers a unique voice that emits an abundance of personality. Switch efficiently between electric and acoustic tones, with a designated three-way switch, allowing you to shape the guitar's sound to fit your performance. Designed with a mahogany body, the guitar produces a rich, warm, full-bodied tone, with a delicate yet distinct character", "price": 899.0, "rating": 4.9, "image": "666756.jpg"}}, {"model": "products.product", "pk": 17, "fields": {"category": 2, "sku": "pp5001123760", "in_lefty": true, "name": "Fender PM-2 Parlor Mahogany Acoustic, Natural", "description": "Fender have birthed an authentic parlour acoustic with a head-turning tone. This PM-2 Parlor develops more sonic character, the more you play. An instrument that continues to sonically grow, and sound better with age. Crafted with a meticulous attention to detail to deliver a stunning sound with a premium vibe.", "price": 439.0, "rating": 4.7, "image": "901256.jpg"}}, {"model": "products.product", "pk": 18, "fields": {"category": 2, "sku": "pp5001657856", "in_lefty": true, "name": "Dean Exhibition Koa Electro Acoustic", "description": "The Dean Exhibition Koa features a solid koa top, which not only provides an exceptionally striking visual but also delivers a bright and punchy tonality. It also offers a sweet, warmer, and full toned voice as the koa matures. Its top is contrasted beautifully by its mahogany back and sides, as it produces a more focused, woody, punchy mid-range, thick well-defined tone with plenty of depth and complexity that will please most playing styles.", "price": 449.0, "rating": 4.8, "image": "322226.jpg"}}, {"model": "products.product", "pk": 19, "fields": {"category": 2, "sku": "pp5001143544", "in_lefty": true, "name": "Hartwood Sonata-FX Thinline Electro-Acoustic Guitar, Sunburst", "description": "The Hartwood Sonata-FX Thinline Electro-Acoustic Guitar offers a comprehensive all-in-one solution to practice, performance, and writing. Comprised of a premium selection of tonewoods, the Sonata-FX Thinline includes a solid sitka spruce top, flamed maple sides, as well as a maple neck, all of which complement one another, guaranteeing a full-frequency, responsive playing experience.", "price": 399.0, "rating": 4.7, "image": "690999.jpg"}}, {"model": "products.product", "pk": 20, "fields": {"category": 2, "sku": "pp5001645555", "in_lefty": true, "name": "Yamaha F370 Acoustic, Black", "description": "A classic. And sometimes, true tradition is what you really need. So this Yamaha F370 Acoustic brings you just that. An authentic instrument reminiscent of traditional acoustic guitars from days gone by. And, it comes packed with world renowned Yamaha quality.", "price": 159.0, "rating": 4.8, "image": "444776.jpg"}}, {"model": "products.product", "pk": 21, "fields": {"category": 2, "sku": "pp5001087776", "in_lefty": true, "name": "Martin SC-13E Electro Acoustic, Natural", "description": "Game-changing. Are you ready for an instrument you'll never live without? Calling all acoustic players, your dream guitar has arrived. And it's here to give you a lifetime of true expression. Birthed for the stage, this Martin SC-13E Electro Acoustic holds all that distinctive, iconic Martin character but with a feel like never before. And a limitless sonic nature. It's time to dig deep into your creativity.", "price": 1595.0, "rating": 4.9, "image": "883331.jpg"}}, {"model": "products.product", "pk": 22, "fields": {"category": 2, "sku": "pp5001345777", "in_lefty": true, "name": "Gibson G-00 Generation Acoustic, Natural", "description": "The Gibson G-00 is brilliantly crafted for practising and ready equipped for stage. Designed with a Gibson player port, a feature that has been refined from a concept first developed in the early 1960s, Gibson's acoustic luthier team have helped deliver a revolutionary new dimension to their sound. Crafted by highly skilled craftspeople in Bozeman, MT, the premium construction makes the acoustic guitar sonically superb.", "price": 899.0, "rating": 4.9, "image": "555559.jpg"}}, {"model": "products.product", "pk": 23, "fields": {"category": 2, "sku": "pp5001087662", "in_lefty": true, "name": "Taylor T5z Classic", "description": "Create your own unique sound. This stunning instrument from Taylor brings guitarists the best of both worlds. By offering the ability to move between melodic, warm acoustic tones and claasic rock n roll vibes, the Taylor T5z Classic is one of the most versatile and responsive instruments to join your live or recording setup. This distinctive instrument also features a more compact body than the original model, offering comfort and superb playability. A Venetian cutaway also offers added comfort whilst providing easy access to upper frets.", "price": 1777.0, "rating": 4.7, "image": "227788.jpg"}}, {"model": "products.product", "pk": 24, "fields": {"category": 2, "sku": "pp5001234448", "in_lefty": true, "name": "Gibson SJ-200 Studio Rosewood, Rosewood Burst", "description": "Beautiful resonance. Visually stunning. Add yourself to the long line of legends that yield this iconic guitar. The Gibson SJ-200 Studio Rosewood has joined the King of the Flat-Tops as a breath-taking new addition boasting exquisite features. Why tweak perfection? Great question. Adding in an Advanced Response neck profile and slim body depth design, Gibson have made sure that injecting sophistication and personality to your performance has never been so comfortable.", "price": 2899.0, "rating": 4.7, "image": "087790.jpg"}}, {"model": "products.product", "pk": 25, "fields": {"category": 2, "sku": "pp5001567088", "in_lefty": true, "name": "Fender Sonoran Mini Acoustic, Mahogany", "description": "Inviting. Sound that's defined decades of music. Crafted entirely with mahogany, the Sonoran Mini is perfect for any player that adores Fender's Southern Californian history. And it's perfect for a multitude of scenarios. Whether you're on the road, a younger player, new learner, or forever playing outdoors, you deserve a quality tone.", "price": 779.0, "rating": 4.8, "image": "445656.jpg"}}, {"model": "products.product", "pk": 26, "fields": {"category": 5, "sku": "pp5001112447", "in_lefty": true, "name": "Ashdown Saint 5-String Bass RW, Candy Apple Red", "description": "The Ashdown Saint Bass will ignite your playing with its sparky playability and sublime tone. A pair of P and J Bass style pickups give you a wealth of tonal diversity and flair to play with, letting you write smooth, rich basslines as well as thunderous, pounding riffs. You'll be in awe at their outstanding capabilities, helping bring any amp tone to life.", "price": 779.0, "rating": 4.7, "image": "843333.jpg"}}, {"model": "products.product", "pk": 27, "fields": {"category": 5, "sku": "pp5001345578", "in_lefty": true, "name": "Jackson Spectra Bass SBP V, Cherry Burst", "description": "Clarity across the spectrum. With a Jackson Pro Spectra V NT in your hands, your basslines will be unstoppable. Its Nordstrand pickups offer superb articulation, meaning they bring out every detail in the notes you're playing. From a crisp, tight, bouncing voicing to deep, warm, lusciously low voicing, you can be sure that they cater to all styles and tones. And with a wealth of further tone-shaping tools, including an active three-band EQ, three-way mid variable switch, and push/pull controls for active/passive voicings", "price": 829.0, "rating": 4.9, "image": "70000.jpg"}}, {"model": "products.product", "pk": 28, "fields": {"category": 5, "sku": "pp5001988888", "in_lefty": true, "name": "Charvel Pro Mod San Dimas JJ V Bass, Candy Apple Red", "description": "The complete bass guitar. Full-featured, yet uncomplicated, for immediate low-end satisfaction. The Charvel Pro Mod San Dimas JJ V Bass is simply a cut above when it comes to classic bass guitar tones. Its unbeatable quality begins with a pair of DiMarzio pickups, with the J-style model at the neck providing that unmistakable J-bass punch, while its counterpart at the bridge gives a present, driving sound.", "price": 889.0, "rating": 4.6, "image": "81000.jpg"}}, {"model": "products.product", "pk": 29, "fields": {"category": 5, "sku": "pp5001566444", "in_lefty": true, "name": "Fender Player Plus Active Precision Bass MN, Silver Smoke", "description": "The Fender Player Plus Active Precision Bass MN brings excellent playability, sleek aesthetic, and superb sound in one beast of an instrument. Crafted from alder and adorned with a dazzling 3-ply black pickguard, this bass is truly captivating to look at and even more incredible to play. Waltz seamlessly across the maple fretboard with the maple neck sitting comfortably in your hand - this bass is built for effortless playing.", "price": 949.0, "rating": 4.8, "image": "89111.jpg"}}, {"model": "products.product", "pk": 30, "fields": {"category": 4, "sku": "pp5001230005", "in_lefty": true, "name": "Ibanez EHB1005MS Bass Workshop, Black Flat", "description": "Superior style. Electric performance. It's time to light up the stage without limitations. The Ibanez EHB1005MS Bass Workshop has all the features you need for liquid fast riffing, lightning energy and experimental play - and you get all this while looking slick. The headless construction offers ultimate comfort and freedom while performing. Nothing can stop you. The balance and lightweight feel mean that you can play for longer so your genius won't be restricted.", "price": 999.0, "rating": 4.7, "image": "67800.jpg"}}, {"model": "products.product", "pk": 31, "fields": {"category": 4, "sku": "pp5001158952", "in_lefty": true, "name": "Fender Aerodyne Jazz Bass, Black", "description": "It's not a plane. But if it was, it'd be super-fast. As one of Fender's sleekest, slickest basses, the Fender Aerodyne Jazz Bass fires electrifying basslines out at supersonic speed. Precise, high level craftsmanship has gone into every area of its design, and it has been made in japan to an exceptional standard. The split single coil Precision Bass and single coil Jazz Bass duo of pickups really delivers unparalleled tone. Bright, clear, and rich, your sound will be better articulated than ever.", "price": 1149.0, "rating": 4.8, "image": "56001.jpg"}}, {"model": "products.product", "pk": 32, "fields": {"category": 4, "sku": "pp5001123088", "in_lefty": true, "name": "Fender Custom Shop Precision Jazz Journey Relic, Aged Candy Apple Red", "description": "Rarity at your fingertips. Prestige laced through your sound. The Fender Custom Shop Precision Jazz Journey Relic is a divine display of timeless design, combining Precision Bass tone with the sumptuous playability of a Jazz Bass build. A hand-wound '65-'70 Precision Bass pickup delivers a superb vintage tone, encompassing a deliciously defined low range for a brilliantly punchy sound. Vintage hardware then gives us a glimpse into the past and provide a glorious and authentic playing experience.", "price": 4549.0, "rating": 4.9, "image": "43111.jpg"}}, {"model": "products.product", "pk": 33, "fields": {"category": 6, "sku": "pp5001157660", "in_lefty": false, "name": "3 Pack of Bass Guitar Strings", "description": "String gauge 040-95 - most bass guitars we sell come strung with this gauge as part of the factory setup.", "price": 12.0, "rating": 4.9, "image": "112300.jpg"}}, {"model": "products.product", "pk": 34, "fields": {"category": 6, "sku": "pp5001170166", "in_lefty": false, "name": "Bass Guitar Strings", "description": "String gauge 040-95 - most bass guitars we sell come strung with this gauge as part of the factory setup.", "price": 6.0, "rating": 4.8, "image": "888222.jpg"}}, {"model": "products.product", "pk": 35, "fields": {"category": 6, "sku": "pp5001333221", "in_lefty": false, "name": "Ernie Ball Regular Slinky 2221 Nickel Guitar Strings 10-46", "description": "Give your guitar a new lease of life. The Ernie Ball Regular Slinky Nickel Strings promise clear, dynamic sound as well as brilliant robustness. Ernie Ball have set the standard for electric strings, they are iconic and have been used by the likes of Eric Clapton, Slash, and John Mayor. So, you know you can trust in them. Better still, they will arrive to you in Element Shield packaging which protects them against humidity, meaning they are fresh and ready to play.", "price": 5.0, "rating": 4.7, "image": "345566.jpg"}}, {"model": "products.product", "pk": 36, "fields": {"category": 4, "sku": "pp5001254449", "in_lefty": false, "name": "Ernie Ball Power Slinky 2220 Nickel Guitar Strings 11 - 48", "description": "Give your guitar a new lease of life. The Ernie Ball Power Slinky Nickel Strings promise clear, dynamic sound as well as brilliant robustness. Ernie Ball have set the standard for electric strings, they are iconic and have been used by the likes of Eric Clapton, Slash, and John Mayor. So, you know you can trust in them. Better still, they will arrive to you in Element Shield packaging which protects them against humidity, meaning they are fresh and ready to play.", "price": 6.0, "rating": 4.7, "image": "656577.jpg"}}, {"model": "products.product", "pk": 37, "fields": {"category": 4, "sku": "pp5001999111", "in_lefty": false, "name": "Martin M140 80/20 Bronze Acoustic Strings 12-54", "description": "The Martin M140 80/20 Bronze Acoustic Strings 012-054 consist of Light gauge 12-16-25-32-42-54. Martin & Co's Traditional flagship line are favoured for their reliability and excellent clarity. The 80/20 Bronze Acoustic Guitar Strings are manufactured to the highest quality, with a tin plated steel core wire and bronze wrap wire, providing exceptional performance and a clear acoustic tone. The Martin Bronze Acoustic Strings consist of 80% copper and 20% zinc, which is a popular combination as they provide a bright and brilliant tone when they are initially put on the guitar. yet they mellow over time.", "price": 5.0, "rating": 4.6, "image": "331331.jpg"}}, {"model": "products.product", "pk": 38, "fields": {"category": 6, "sku": "pp5001228770", "in_lefty": false, "name": "Swiff K8-U Zinc Alloy Ukulele Capo, Brushed Copper", "description": "The Swiff K8-U Zinc Alloy Ukulele Capo is a reliable capo designed specifically for your ukulele. It features a robust design with quality silicon padding for a top-notch performance. Plus, this high-end design ensures no damage to your instrument's finish too. But that's not all, the precision spring mechanism keeps the K8-U securely fastened to prevent any disruption to the strings while delivering pure sonic goodness, so you can just keep playing your way. And, with a stylish brushed copper finish, this is a capo that'll look superb on stage or whilst filming as well.", "price": 9.0, "rating": 4.6, "image": "900127.jpg"}}, {"model": "products.product", "pk": 39, "fields": {"category": 6, "sku": "pp5001005464", "in_lefty": false, "name": "Deluxe Acoustic/Electric Guitar Capo", "description": "Capos are used to change the key and pitch of the open strings of a guitar without having to adjust the strings with the tuning keys. This essential accessory has important uses for any style or genre of playing.", "price": 5.0, "rating": 4.6, "image": "886454.jpg"}}, {"model": "products.product", "pk": 40, "fields": {"category": 6, "sku": "pp5001232221", "in_lefty": false, "name": "D'Addario Eclipse Tuner, Purple", "description": "The D'Addario Eclipse Tuner brings you plenty of features at a great price. Never go out of tune again. Usable with electric, acoustic and bass guitars, the Eclipse tuner has so much utility and it couldn't be easier to work with. Just clip the device to the headstock of your instrument and tune away, the colour screen will assist you in getting the exact pitch you're looking for. In addition to the swivel action and sharp colour, it combines to make an accessory that's incredibly versatile and yet handy for any situation.", "price": 12.0, "rating": 4.6, "image": "377777.jpg"}}, {"model": "products.product", "pk": 41, "fields": {"category": 6, "sku": "pp5001230007", "in_lefty": false, "name": "HT-55 Headstock Chromatic Tuner", "description": "The HT-55 chromatic tuner is simple to use. By attaching the tuner to the instrument using the high quality clip, the vibration sensor detects the note automatically and shows you the fine tuning to within 5 of a semitone. When the note is perfectly in tune, the display turns green for instant recognition.", "price": 5.0, "rating": 4.6, "image": "669000.jpg"}}, {"model": "products.product", "pk": 42, "fields": {"category": 6, "sku": "pp5001789990", "in_lefty": false, "name": "BOSS TU-3S Chromatic Tuner", "description": "Every design aspect of the TU-3S has been implemented to deliver the best possible performance and tuning capabilities with everything from a 21-segment LED meter with brightness control for easy monitoring to support for 7-string guitars and 6-string basses. The tuner also features a 'High Brightness' mode which enahcnes the brightness of the meter for low-light coniditions or increased visibility outdoors.", "price": 88.0, "rating": 4.6, "image": "96733.jpg"}}, {"model": "products.product", "pk": 43, "fields": {"category": 6, "sku": "pp5001111765", "in_lefty": false, "name": "Fender Professional 10ft Straight Instrument Cable, White Tweed", "description": "A premium accessory to take on tour. The Fender Professional 10ft Straight Instrument Cable is a top quality instrument lead that's built to meet all the requirements of the modern touring musician. And top of that list is its ability to communicate your playing clearly and precisely. That's because it's made from high calibre components to ensure you hear everything with clarity.", "price": 16.0, "rating": 4.9, "image": "41190.jpg"}}, {"model": "products.product", "pk": 44, "fields": {"category": 6, "sku": "pp5001232211", "in_lefty": false, "name": "Fender Deluxe 18.6ft Straight/Angle Instrument Cable, Black Tweed", "description": "A tough, stage-ready cable. Made from the highest quality materials, the Fender Deluxe 18.6ft Straight/Angle Instrument Cable is designed to withstand the rough conditions of touring. The strong braided shielding and woven tweed jacket provide ultimate protection to the internal wiring, making a top-quality instrument lead that you can rely on.", "price": 20.0, "rating": 4.8, "image": "766321.jpg"}}, {"model": "products.product", "pk": 45, "fields": {"category": 6, "sku": "pp5001999055", "in_lefty": false, "name": "Ernie Ball 30ft Straight-Straight Coiled Instrument Cable, Black", "description": "A durable and flexible cable. The Ernie Ball 30ft Straight-Straight Coiled Instrument Cable, Black is strong thanks to its high-quality design. It's built to last.", "price": 39.0, "rating": 4.6, "image": "880400.jpg"}}, {"model": "products.product", "pk": 46, "fields": {"category": 6, "sku": "pp5001243422", "in_lefty": false, "name": "Venom COBRA-20 Guitar Lead 20ft", "description": "High-quality cabling for your guitar. The Venom COBRA Guitar Lead is a must-have for performances and studio recording. The oxygen-free design delivers the purest signal integrity, ensuring the best possible sound reproduction. It captures every nuance of your performance without affecting the tonality.", "price": 6.0, "rating": 4.7, "image": "466677.jpg"}}, {"model": "products.product", "pk": 47, "fields": {"category": 6, "sku": "pp5001167777", "in_lefty": false, "name": "Coiled Jack Right Angled Instrument Cable, 1m", "description": "Quality cable fitted with chrome 1/4 (6.35mm) mono jack plugs", "price": 5.0, "rating": 4.9, "image": "50001.jpg"}}, {"model": "products.product", "pk": 48, "fields": {"category": 6, "sku": "pp5001113443", "in_lefty": false, "name": "Ernie Ball 4235 Ring Slider", "description": "It rings true. The Ernie Ball 4235 Ring Slider is perfect for all genres of slide guitar. Made from brass, it has machine turned edges for unrivalled smoothness and ease of playing. It's comfy as well as robust – you can use it live in confidence. Make your slide guitar shine like never before.", "price": 12.0, "rating": 5.0, "image": "663333.jpg"}}, {"model": "products.product", "pk": 49, "fields": {"category": 7, "sku": "pp5001222433", "in_lefty": false, "name": "Revv G20 Lunchbox Valve Head w/ Two Notes Cab Emulation", "description": "Rev up your creativity. The Revv G20 Lunchbox Valve Head w/ Two Notes Cab Emulation really does have it all. Featuring 20W of full tube power, it'll bring the thunder to all live performances - but it's perfect for recording too. Containing a wealth of internal features, including virtual mics, virtual speakers, virtual cabs, EQ, and more, you'll get truly stunning results in any home or studio recording session", "price": 1249.0, "rating": 4.2, "image": "83455.jpg"}}, {"model": "products.product", "pk": 50, "fields": {"category": 7, "sku": "pp5001222254", "in_lefty": false, "name": "Marshall ORI50H Origin 50W Valve Head", "description": "The ORI50H Origin Amp Head is designed to offer an unmistakable Marshall performance and tone, equipped with ECC83 preamp and EL34 power valves to deliver a beautifully rich harmonic content and exceptional tonal quality. ", "price": 539.0, "rating": 4.9, "image": "311111.jpg"}}, {"model": "products.product", "pk": 51, "fields": {"category": 7, "sku": "pp5001222276", "in_lefty": false, "name": "Fender Tone Master Twin Reverb", "description": "This isn't a replica. This is the modern day Twin Reverb. Originating from 1963, the Twin Reverb has powered many iconic performances and inspired generations of musicians. From day one, the Twin Reverb always delivered that power and sonic richness needed for live performance.", "price": 999.0, "rating": 4.5, "image": "37888.jpg"}}, {"model": "products.product", "pk": 52, "fields": {"category": 7, "sku": "pp5001132220", "in_lefty": false, "name": "Roland JC-120 Jazz Chorus Guitar Amplifier", "description": "In 1975, Roland welcomed the arrival of the first JC-120. A revolution in guitar amplifier technology, the JC-120 Jazz Chorus looked and sounded like no other amp. Thirty years later, the JC-120 remains in high demand by guitarists around the world. Unchanged from its original specification, the JC had attained legendary status by amp connoisseurs the world over.", "price": 1150.0, "rating": 4.7, "image": "692222.jpg"}}, {"model": "products.product", "pk": 53, "fields": {"category": 7, "sku": "pp5001000450", "in_lefty": false, "name": "Boss Nextone Artist 80w Guitar Amplifier", "description": "Tube sounds, modern flexibility. A new concept in tonal versatility. The Boss Nextone Artist 80w Guitar Amplifier gives you all the unique characteristics of 6V6, 6L6, EL84, and EL34 tube amps in one place, letting you experience these signature power stages without the need for multiple amps. Its control panel is fitted with an assortment of controllable parameters and in-built effects. Your creativity won't ever be dampened by the sheer amount of soundscapes you can create.", "price": 489.0, "rating": 4.9, "image": "447777.jpg"}}, {"model": "products.product", "pk": 54, "fields": {"category": 9, "sku": "pp5001000566", "in_lefty": false, "name": "Roland Blues Cube Artist Guitar Amplifier, Cream", "description": "Warm, bouncy, responsive, dynamic, elastic - these are all terms that guitarists use to describe their favourite tube amps. Thanks to Roland's Tube Logic, these words can be applied to the Blues Cube Artist as well.", "price": 800.0, "rating": 4.9, "image": "821821.jpg"}}, {"model": "products.product", "pk": 55, "fields": {"category": 9, "sku": "pp5001000005", "in_lefty": false, "name": "Vox AC30C2X Custom Combo", "description": "VOX Custom Series amps offer two channels: Normal and Top-Boost. Each channel is equipped with its own Volume control, and the Top Boost channel offers highly interactive Treble and Bass tone controls. This powerful channel pairing provides an abundance of tone-crafting control, letting you dial in a classic sound that is all your own.", "price": 1469.0, "rating": 5.0, "image": "766766.jpg"}}, {"model": "products.product", "pk": 56, "fields": {"category": 9, "sku": "pp5001900000", "in_lefty": false, "name": "Vox AC15C2 Twin Custom Guitar Amplifier", "description": "Vox have been at the forefront of amplification for over 60 years. This level of experience is truly reflected in the mastery of their craftsmanship. The AC15C2 is no exception, packed with two 12” Celestion G12M speakers, you can hear every frequency emitted allowing each chord to chime with the intended presence and notation", "price": 759.0, "rating": 4.9, "image": "899344.jpg"}}, {"model": "products.product", "pk": 57, "fields": {"category": 9, "sku": "pp5001344987", "in_lefty": false, "name": "Vox AC15C1 Custom Guitar Amp", "description": "The Vox AC15C1 allows you to dial into a vintage sound that can be made completely your own with its normal and top-boost channels. Each channel is equipped with its very own volume control, and the top-boost channel provides highly interactive treble and bass controls", "price": 619.0, "rating": 4.8, "image": "3903911.jpg"}}, {"model": "products.product", "pk": 58, "fields": {"category": 9, "sku": "pp5001344678", "in_lefty": false, "name": "Marshall JVM205C 50W 2x12 Valve Combo", "description": "The JVM 2 Series features five brand-new, professional, all-valve 100 Watt and 50 Watt 2 channel amps, available in both head and combo formats. Both channels offer three footswitchable modes, effectively giving you six Marshall's in one! Built-in England with pride and armed with 16 controls and six switches, all five JVM2s are easy to understand and are intuitive to use.", "price": 1499.0, "rating": 4.9, "image": "6236341.jpg"}}, {"model": "products.product", "pk": 59, "fields": {"category": 9, "sku": "pp5001887243", "in_lefty": false, "name": "Marshall 2245 JTM45 Reissue Valve Head", "description": "You know what it is. It's the Marshall sound. From the very beginnings in 1962 when Jim Marshall created his very first legendary amp, comes a reissue in the form of the Marshall 2245 JTM45 Reissue Valve Head. Meticulously replicating the original Marshall sound, this amp has a GZ34 valve rectifier that works with the ECC83 and 5881 valves to give you the harmonic and unmistakable Marshall tone.", "price": 1349.0, "rating": 4.8, "image": "404140.jpg"}}, {"model": "products.product", "pk": 60, "fields": {"category": 3, "sku": "pp5001479980", "in_lefty": false, "name": "SubZero Critical Mass Distortion Pedal", "description": "With the SubZero Critical Mass Distortion Pedal, the power's very much in your hands. A lot of distortion pedals have one tweakable sound, this is the opposite. Thanks to the responsive nature of the controls there will be nothing stopping you achieving a broad range of distorted tones:", "price": 25.0, "rating": 5.0, "image": "83600.jpg"}}, {"model": "products.product", "pk": 61, "fields": {"category": 3, "sku": "pp5001155647", "in_lefty": false, "name": "Boss DD-8 Digital Delay Pedal", "description": "For a pedal of such small size, the DD-8 contains a world of possibilities. Taking over from its predecessor, the DD-7, Boss have loaded its fresh design with a bundle of new features fit for the modern stage. Three newly developed delay types mean there are even more ways to innovate your ambient sound.", "price": 149.0, "rating": 4.8, "image": "9360022.jpg"}}, {"model": "products.product", "pk": 62, "fields": {"category": 3, "sku": "pp5001156554", "in_lefty": false, "name": "Eventide UltraTap Stompbox", "description": "The Eventide UltraTap is a unique multi-tap delay pedal that creates rhythmic delays, pad-like volume swells, unique modulation and glitchy reverb all in a compact pedal format. UltraTap's controls allow you to explore new and incidental delay effects. Featuring all the expected controls such as Feedback, Mix and Delay, the UltraTap also has controls for Spread, Slurm and Chop that open up a new world of possibilities.", "price": 248.0, "rating": 4.9, "image": "7660011.jpg"}}, {"model": "products.product", "pk": 63, "fields": {"category": 3, "sku": "pp5001111452", "in_lefty": false, "name": "Boss DD-500 Digital Delay Pedal", "description": "The Boss DD-500 Digital Delay Pedal is an extremely powerful and high-performance delay designed to provide 12 different types of studio quality delay effects in a single robust unit. With everything from 1980s style digital delays to modern reverse delays", "price": 350.0, "rating": 4.9, "image": "6533331.jpg"}}, {"model": "products.product", "pk": 64, "fields": {"category": 3, "sku": "pp5001677666", "in_lefty": false, "name": "TC Electronic Flashback Triple Delay", "description": "A dedicated subdivision knob lets you assign different rhythmic patterns to each delay - everything from dotted eighths to triplets and on to several types of dual delays. Select different subdivision types for each delay, ranging from quarter notes to triplets, and all the way to several kinds of dual delays. Switch between having your delays in series or parallel for lush sonic soundscapes or well defined syncopated echoes.", "price": 236.0, "rating": 4.8, "image": "8911112.jpg"}}, {"model": "products.product", "pk": 65, "fields": {"category": 3, "sku": "pp5001246556", "in_lefty": false, "name": "Ibanez TS808 Tube Screamer Overdrive Pro", "description": "The Ibanez TS808 Tube Screamer Overdrive Pro proves that sometimes you just can't beat the original. A landmark pedal, and one that has rightly cemented its place in musical history on countless recordings and performances- from SRV to John Mayer.", "price": 154.0, "rating": 4.7, "image": "902234.jpg"}}, {"model": "products.product", "pk": 66, "fields": {"category": 3, "sku": "pp5001145442", "in_lefty": false, "name": "JHS Pedals Bonsai 9-Way Overdrive", "description": "The JHS Pedals Bonsai 9-Way Overdrive embodies the very essence of tubescreamer pedals, equipped with 9 incredibly powerful and unique overdrives for a truly versatile performance.", "price": 210.0, "rating": 4.8, "image": "3167.jpg"}}, {"model": "products.product", "pk": 67, "fields": {"category": 3, "sku": "pp5001577675", "in_lefty": false, "name": "JHS Pedals AT+ Andy Timmons Signature Drive", "description": "The JHS Pedals AT+ Andy Timmons Signature Drive takes the poplar JHS AT pedal and adds a new independent boost for even more versatile functionality. The original 2016 AT pedal delivered Andy Timmons' signature overdrive sound, characterised in his unmistakable lead and rhythm tones.", "price": 189.0, "rating": 4.9, "image": "5788.jpg"}}, {"model": "products.product", "pk": 68, "fields": {"category": 3, "sku": "pp5001008967", "in_lefty": false, "name": "Strymon TimeLine Delay Pedal", "description": "The Strymon TimeLine Delay is a guitar pedal that offers an innovative design, coupled with hand crafted delay algorithms and an incredibly high-performance DSP to produce 12 unique delay machines.", "price": 410.0, "rating": 4.9, "image": "8035.jpg"}}, {"model": "products.product", "pk": 69, "fields": {"category": 3, "sku": "pp5001006455", "in_lefty": false, "name": "Dunlop GCB95 CryBaby Wah Pedal", "description": "The Jim Dunlop GCB95 Original Crybaby Wah Wah pedal has been a true staple of classic rock and blues since the early 60s.", "price": 87.0, "rating": 4.8, "image": "4242.jpg"}}, {"model": "products.product", "pk": 70, "fields": {"category": 10, "sku": "pp5001133689", "in_lefty": false, "name": "Strymon DIG Dual Digital Delay Pedal", "description": "The Strymon DIG Dual Digital Delay is a guitar pedal that offers a range of unique digital delays to select and shape from - allowing you to find your perfect sound. ", "price": 279.0, "rating": 4.7, "image": "7676.jpg"}}, {"model": "products.product", "pk": 71, "fields": {"category": 10, "sku": "pp5001454454", "in_lefty": false, "name": "Dunlop Eddie Van Halen Wah Pedal", "description": "Make it wail. As this is irresistible Eddie Van Halen wah flavour. Complete with a robust, road-ready design. All oozing from the Dunlop Eddie Van Halen Wah Pedal.", "price": 199.0, "rating": 4.6, "image": "8686.jpg"}}, {"model": "products.product", "pk": 72, "fields": {"category": 10, "sku": "pp5001987556", "in_lefty": false, "name": "Boss DS-1 Distortion Pedal", "description": "A timeless classic. The Boss DS-1 Distortion Pedal is still going strong 40 years after being introduced, and with good reason. Delivering dirty distortion with more than a hit of grit, all with a stunningly bright tone and it becomes rapidly apparent why Kurt Cobain trusted this pedal to deliver the huge, fuzzy tones that were necessary.", "price": 65.0, "rating": 4.6, "image": "3939.jpg"}}, {"model": "products.product", "pk": 73, "fields": {"category": 10, "sku": "pp5001576668", "in_lefty": false, "name": "SubZero Arctic Fuzz Micro Guitar Pedal", "description": "The SubZero Arctic Fuzz Micro Guitar Pedal is a perfect accessory for any gigging musician. Featuring high quality construction and a complete analog circuit design, this pedal is easy to use and sounds fantastic.", "price": 24.0, "rating": 5.0, "image": "777.jpg"}}, {"model": "products.product", "pk": 74, "fields": {"category": 10, "sku": "pp5001142356", "in_lefty": false, "name": "SubZero Slick Lick Vintage Overdrive Pedal", "description": "The SubZero Slick Lick Vintage Overdrive Pedal is a comprehensive overdrive that can do everything from amp breakup to soaring lead tones, and everything in between.", "price": 25.0, "rating": 4.9, "image": "8999.jpg"}}, {"model": "checkout.order", "pk": 1, "fields": {"order_number": "9B100E00D68A4F53B57914182174548E", "user_profile": null, "full_name": "test", "email": "test@test.com", "phone_number": "1234567890", "country": "anywhere", "postcode": "12345", "town_or_city": "guhytf", "street_address1": "testing", "street_address2": null, "county": "testing", "date": "2022-07-16T01:18:41.781Z", "delivery_cost": "0.00", "order_total": "0.00", "grand_total": "0.00", "original_cart": "", "stripe_pid": ""}}, {"model": "checkout.order", "pk": 2, "fields": {"order_number": "DA81CC852F58485FA5E4E76BD5A91742", "user_profile": null, "full_name": "test", "email": "test@test.com", "phone_number": "1234567890", "country": "anywhere", "postcode": "12345", "town_or_city": "guhytf", "street_address1": "testing", "street_address2": null, "county": "testing", "date": "2022-07-16T01:21:06.288Z", "delivery_cost": "0.00", "order_total": "0.00", "grand_total": "0.00", "original_cart": "", "stripe_pid": ""}}, {"model": "checkout.order", "pk": 3, "fields": {"order_number": "AD58D643B18D474F8852832D4992C9C7", "user_profile": null, "full_name": "test", "email": "test@test.com", "phone_number": "1234567890", "country": "anywhere", "postcode": "12345", "town_or_city": "guhytf", "street_address1": "testing", "street_address2": null, "county": "testing", "date": "2022-07-16T01:21:20.051Z", "delivery_cost": "0.00", "order_total": "0.00", "grand_total": "0.00", "original_cart": "", "stripe_pid": ""}}, {"model": "checkout.order", "pk": 4, "fields": {"order_number": "F8C940229971430EBF399A6638D52A9F", "user_profile": null, "full_name": "test", "email": "test@test.com", "phone_number": "1234567890", "country": "anywhere", "postcode": "12345", "town_or_city": "guhytf", "street_address1": "testing", "street_address2": null, "county": "testing", "date": "2022-07-16T01:27:21.890Z", "delivery_cost": "0.00", "order_total": "0.00", "grand_total": "0.00", "original_cart": "", "stripe_pid": ""}}, {"model": "checkout.order", "pk": 5, "fields": {"order_number": "18B0DA594D7B46CEA6653DCDEF9220C5", "user_profile": null, "full_name": "test", "email": "test@test.com", "phone_number": "1234567890", "country": "anywhere", "postcode": "12345", "town_or_city": "guhytf", "street_address1": "testing", "street_address2": null, "county": "testing", "date": "2022-07-16T01:30:21.622Z", "delivery_cost": "0.00", "order_total": "0.00", "grand_total": "0.00", "original_cart": "", "stripe_pid": ""}}, {"model": "checkout.order", "pk": 6, "fields": {"order_number": "F89EB34342C447A49AA947AE1CA76F0C", "user_profile": null, "full_name": "test", "email": "test@test.com", "phone_number": "1234567890", "country": "anywhere", "postcode": "12345", "town_or_city": "guhytf", "street_address1": "testing", "street_address2": null, "county": "testing", "date": "2022-07-16T01:32:49.944Z", "delivery_cost": "0.00", "order_total": "0.00", "grand_total": "0.00", "original_cart": "", "stripe_pid": ""}}, {"model": "checkout.order", "pk": 7, "fields": {"order_number": "CCC2384438DE441AB1983CA88F84EA81", "user_profile": null, "full_name": "test", "email": "test@test.com", "phone_number": "1234567890", "country": "khkhkh", "postcode": "12345", "town_or_city": "khjkh", "street_address1": "khjhk", "street_address2": "khjhkhh", "county": "khjhkk", "date": "2022-07-16T13:22:03.095Z", "delivery_cost": "0.00", "order_total": "0.00", "grand_total": "0.00", "original_cart": "", "stripe_pid": ""}}, {"model": "checkout.order", "pk": 8, "fields": {"order_number": "8FE048EA2B0E49F193C13AAECD495CC7", "user_profile": null, "full_name": "test", "email": "test@test.com", "phone_number": "1234567890", "country": "khkhkh", "postcode": "12345", "town_or_city": "khjkh", "street_address1": "khjhk", "street_address2": "khjhkhh", "county": "khjhkk", "date": "2022-07-16T13:22:27.856Z", "delivery_cost": "0.00", "order_total": "0.00", "grand_total": "0.00", "original_cart": "", "stripe_pid": ""}}, {"model": "checkout.order", "pk": 9, "fields": {"order_number": "219352E0AB334EB99F99841011BA7B9E", "user_profile": null, "full_name": "test", "email": "test@test.com", "phone_number": "1234567890", "country": "khkhkh", "postcode": "12345", "town_or_city": "khjkh", "street_address1": "khjhk", "street_address2": "khjhkhh", "county": "khjhkk", "date": "2022-07-16T13:24:00.164Z", "delivery_cost": "0.00", "order_total": "0.00", "grand_total": "0.00", "original_cart": "", "stripe_pid": ""}}, {"model": "checkout.order", "pk": 10, "fields": {"order_number": "1CE17E4214574459B577481B287E984B", "user_profile": null, "full_name": "test", "email": "test@test.com", "phone_number": "1234567890", "country": "khkhkh", "postcode": "12345", "town_or_city": "khjkh", "street_address1": "khjhk", "street_address2": "khjhkhh", "county": "khjhkk", "date": "2022-07-16T13:25:03.337Z", "delivery_cost": "0.00", "order_total": "0.00", "grand_total": "0.00", "original_cart": "", "stripe_pid": ""}}, {"model": "checkout.order", "pk": 11, "fields": {"order_number": "C7C953148E1548A5A4980D2D0EBBFB82", "user_profile": null, "full_name": "test", "email": "test@test.com", "phone_number": "1234567890", "country": "khkhkh", "postcode": "12345", "town_or_city": "khjkh", "street_address1": "khjhk", "street_address2": "khjhkhh", "county": "khjhkk", "date": "2022-07-16T13:26:47.674Z", "delivery_cost": "0.00", "order_total": "0.00", "grand_total": "0.00", "original_cart": "", "stripe_pid": ""}}, {"model": "checkout.order", "pk": 12, "fields": {"order_number": "F998D40121274D4E8200361AC4118490", "user_profile": null, "full_name": "test", "email": "test@test.com", "phone_number": "1234567890", "country": "khkhkh", "postcode": "12345", "town_or_city": "khjkh", "street_address1": "khjhk", "street_address2": "khjhkhh", "county": "khjhkk", "date": "2022-07-16T13:27:31.749Z", "delivery_cost": "0.00", "order_total": "0.00", "grand_total": "0.00", "original_cart": "", "stripe_pid": ""}}, {"model": "checkout.order", "pk": 13, "fields": {"order_number": "0060323102D64E609910085F7BC1C99C", "user_profile": null, "full_name": "test", "email": "test@test.com", "phone_number": "1234567890", "country": "khkhkh", "postcode": "12345", "town_or_city": "khjkh", "street_address1": "khjhk", "street_address2": "khjhkhh", "county": "khjhkk", "date": "2022-07-16T13:30:28.491Z", "delivery_cost": "0.00", "order_total": "0.00", "grand_total": "0.00", "original_cart": "", "stripe_pid": ""}}, {"model": "checkout.order", "pk": 14, "fields": {"order_number": "194389A43CDC4E11A548D74E8C7E8992", "user_profile": null, "full_name": "test", "email": "test@test.com", "phone_number": "1234567890", "country": "khkhkh", "postcode": "12345", "town_or_city": "khjkh", "street_address1": "khjhk", "street_address2": "khjhkhh", "county": "khjhkk", "date": "2022-07-16T13:30:31.296Z", "delivery_cost": "0.00", "order_total": "0.00", "grand_total": "0.00", "original_cart": "", "stripe_pid": ""}}, {"model": "checkout.order", "pk": 15, "fields": {"order_number": "C744A668C25244C3BB1263369A2584B2", "user_profile": null, "full_name": "test", "email": "test@test.com", "phone_number": "1234567890", "country": "khkhkh", "postcode": "12345", "town_or_city": "khjkh", "street_address1": "khjhk", "street_address2": "khjhkhh", "county": "khjhkk", "date": "2022-07-16T13:42:15.210Z", "delivery_cost": "0.00", "order_total": "0.00", "grand_total": "0.00", "original_cart": "", "stripe_pid": ""}}, {"model": "checkout.order", "pk": 16, "fields": {"order_number": "AA9B6417B66A40EEA0DB8A74AF40985C", "user_profile": null, "full_name": "test", "email": "test@test.com", "phone_number": "1234567890", "country": "khkhkh", "postcode": "12345", "town_or_city": "khjkh", "street_address1": "khjhk", "street_address2": "khjhkhh", "county": "khjhkk", "date": "2022-07-16T13:43:20.008Z", "delivery_cost": "0.00", "order_total": "0.00", "grand_total": "0.00", "original_cart": "", "stripe_pid": ""}}, {"model": "checkout.order", "pk": 17, "fields": {"order_number": "3F93737B3EE44B4781C759F2ADE7F8B4", "user_profile": null, "full_name": "test", "email": "test@test.com", "phone_number": "1234567890", "country": "gfgfgf", "postcode": "12345", "town_or_city": "ghghgh", "street_address1": "ghghghh", "street_address2": "ghghgh", "county": "ghghgh", "date": "2022-07-16T13:50:32.728Z", "delivery_cost": "0.00", "order_total": "0.00", "grand_total": "0.00", "original_cart": "", "stripe_pid": ""}}, {"model": "checkout.order", "pk": 18, "fields": {"order_number": "5441361464D5423B9B4C344EA916EF43", "user_profile": null, "full_name": "test", "email": "test@test.com", "phone_number": "1234567890", "country": "gfgfgf", "postcode": "12345", "town_or_city": "ghghgh", "street_address1": "ghghghh", "street_address2": "ghghgh", "county": "ghghgh", "date": "2022-07-16T13:52:36.574Z", "delivery_cost": "0.00", "order_total": "0.00", "grand_total": "0.00", "original_cart": "", "stripe_pid": ""}}, {"model": "checkout.order", "pk": 19, "fields": {"order_number": "57762B56960A4B42A69B57DA0070C22B", "user_profile": null, "full_name": "test", "email": "test@test.com", "phone_number": "1234567890", "country": "gfgfgf", "postcode": "12345", "town_or_city": "ghghgh", "street_address1": "ghghghh", "street_address2": "ghghgh", "county": "ghghgh", "date": "2022-07-16T13:52:55.362Z", "delivery_cost": "0.00", "order_total": "0.00", "grand_total": "0.00", "original_cart": "", "stripe_pid": ""}}, {"model": "checkout.order", "pk": 20, "fields": {"order_number": "93604AEF5FBB4EC58817E43D3FBC1181", "user_profile": null, "full_name": "test", "email": "test@test.com", "phone_number": "1234567890", "country": "gfgfgf", "postcode": "12345", "town_or_city": "ghghgh", "street_address1": "ghghghh", "street_address2": "ghghgh", "county": "ghghgh", "date": "2022-07-16T13:53:33.818Z", "delivery_cost": "0.00", "order_total": "0.00", "grand_total": "0.00", "original_cart": "", "stripe_pid": ""}}, {"model": "checkout.order", "pk": 21, "fields": {"order_number": "E19F242602824C7894C8EAE3C84B9A4E", "user_profile": null, "full_name": "test", "email": "test@test.com", "phone_number": "1234567890", "country": "gfgfgf", "postcode": "12345", "town_or_city": "ghghgh", "street_address1": "ghghghh", "street_address2": "ghghgh", "county": "ghghgh", "date": "2022-07-16T13:53:53.170Z", "delivery_cost": "0.00", "order_total": "0.00", "grand_total": "0.00", "original_cart": "", "stripe_pid": ""}}, {"model": "checkout.order", "pk": 22, "fields": {"order_number": "3E6C7AEC53C14D70A5032442728A5650", "user_profile": null, "full_name": "test", "email": "test@test.com", "phone_number": "1234567890", "country": "khkhj", "postcode": "12345", "town_or_city": "khkhj", "street_address1": "khkhj", "street_address2": "khkhj", "county": "khkhj", "date": "2022-07-16T14:02:14.050Z", "delivery_cost": "0.00", "order_total": "0.00", "grand_total": "0.00", "original_cart": "", "stripe_pid": ""}}, {"model": "checkout.order", "pk": 23, "fields": {"order_number": "9A29B4F4526944F2ADB040DDDCC5BD23", "user_profile": null, "full_name": "test", "email": "test@test.com", "phone_number": "1234567890", "country": "khkhj", "postcode": "12345", "town_or_city": "khkhj", "street_address1": "khkhj", "street_address2": "khkhj", "county": "khjhk", "date": "2022-07-16T14:04:52.928Z", "delivery_cost": "0.00", "order_total": "0.00", "grand_total": "0.00", "original_cart": "", "stripe_pid": ""}}, {"model": "checkout.order", "pk": 24, "fields": {"order_number": "3359E279F22A4CFFAC4BB3A8E955B52F", "user_profile": null, "full_name": "test", "email": "test@test.com", "phone_number": "1234567890", "country": "khkhj", "postcode": "12345", "town_or_city": "khkhj", "street_address1": "khkhj", "street_address2": "khkhj", "county": "khkkhj", "date": "2022-07-16T14:07:41.082Z", "delivery_cost": "0.00", "order_total": "0.00", "grand_total": "0.00", "original_cart": "", "stripe_pid": ""}}, {"model": "checkout.order", "pk": 25, "fields": {"order_number": "CD4360150FB247BD8B7D2B4F50A154F9", "user_profile": null, "full_name": "test", "email": "test@test.com", "phone_number": "1234567989", "country": "khkhj", "postcode": "12345", "town_or_city": "khkhj", "street_address1": "khkhj", "street_address2": "khkhj", "county": "khhkjj", "date": "2022-07-16T14:11:31.721Z", "delivery_cost": "0.00", "order_total": "0.00", "grand_total": "0.00", "original_cart": "", "stripe_pid": ""}}, {"model": "checkout.order", "pk": 26, "fields": {"order_number": "210976314EB94F5D9EE7E8C73618CA1C", "user_profile": null, "full_name": "test", "email": "test@test.com", "phone_number": "1234567890", "country": "khkhj", "postcode": "12345", "town_or_city": "khkhj", "street_address1": "khkhj", "street_address2": "khkhj", "county": "khkhj", "date": "2022-07-16T14:12:56.540Z", "delivery_cost": "0.00", "order_total": "0.00", "grand_total": "0.00", "original_cart": "", "stripe_pid": ""}}, {"model": "checkout.order", "pk": 27, "fields": {"order_number": "DE1DD61D66B34FF7B62B32515430D7E9", "user_profile": null, "full_name": "test", "email": "test@test.com", "phone_number": "1234567890", "country": "khkhj", "postcode": "12345", "town_or_city": "khkhj", "street_address1": "khkhj", "street_address2": "klhkhj", "county": "khkhj", "date": "2022-07-16T14:14:17.937Z", "delivery_cost": "0.00", "order_total": "0.00", "grand_total": "0.00", "original_cart": "", "stripe_pid": ""}}, {"model": "checkout.order", "pk": 28, "fields": {"order_number": "D4C085462E0043388B63499EAB34F594", "user_profile": null, "full_name": "test", "email": "test@test.com", "phone_number": "1234567890", "country": "khkhj", "postcode": "12345", "town_or_city": "khkhj", "street_address1": "khkhj", "street_address2": "klhkhj", "county": "khkhj", "date": "2022-07-16T14:15:11.574Z", "delivery_cost": "0.00", "order_total": "0.00", "grand_total": "0.00", "original_cart": "", "stripe_pid": ""}}, {"model": "checkout.order", "pk": 29, "fields": {"order_number": "99FA9D47032344D3BE7373FDAB58D6D6", "user_profile": null, "full_name": "test", "email": "test@test.com", "phone_number": "1234567890", "country": "khkj", "postcode": "123545", "town_or_city": "khkhj", "street_address1": "khkhj", "street_address2": "khkhj", "county": "khkhj", "date": "2022-07-16T14:16:32.178Z", "delivery_cost": "0.00", "order_total": "0.00", "grand_total": "0.00", "original_cart": "", "stripe_pid": ""}}, {"model": "checkout.order", "pk": 30, "fields": {"order_number": "6BCEDFDD6F5F424285D5915497346BCE", "user_profile": null, "full_name": "Sean", "email": "sean@ci.com", "phone_number": "1234567", "country": "IE", "postcode": "A12B34", "town_or_city": "Soem Town", "street_address1": "Some Street", "street_address2": null, "county": "Some County", "date": "2022-07-16T14:17:43.129Z", "delivery_cost": "0.00", "order_total": "0.00", "grand_total": "0.00", "original_cart": "", "stripe_pid": ""}}, {"model": "checkout.order", "pk": 31, "fields": {"order_number": "551861733F074A4CB77368F0A9098BBF", "user_profile": null, "full_name": "Sean", "email": "sean@ci.com", "phone_number": "1234567", "country": "IE", "postcode": "A12B34", "town_or_city": "Soem Town", "street_address1": "Some Street", "street_address2": null, "county": "Some County", "date": "2022-07-16T14:18:14.168Z", "delivery_cost": "0.10", "order_total": "1.00", "grand_total": "1.10", "original_cart": "", "stripe_pid": ""}}, {"model": "checkout.order", "pk": 32, "fields": {"order_number": "CC2CA7FEC538436DB6BF8321E4503D6E", "user_profile": null, "full_name": "Sean", "email": "sean@ci.com", "phone_number": "1234567", "country": "Ireland", "postcode": "A12B34", "town_or_city": "Some Town", "street_address1": "Some Street", "street_address2": "Some Street Again", "county": "Some County", "date": "2022-07-16T14:19:13.325Z", "delivery_cost": "0.00", "order_total": "569.00", "grand_total": "569.00", "original_cart": "", "stripe_pid": ""}}, {"model": "checkout.order", "pk": 33, "fields": {"order_number": "4F3928A4E9224509B3472D988A1437E2", "user_profile": null, "full_name": "test", "email": "test@test.com", "phone_number": "1234567890", "country": "khkhj", "postcode": "12345", "town_or_city": "khkhj", "street_address1": "lkhjh", "street_address2": "khkhj", "county": "khkhj", "date": "2022-07-16T14:23:11.449Z", "delivery_cost": "0.00", "order_total": "0.00", "grand_total": "0.00", "original_cart": "", "stripe_pid": ""}}, {"model": "checkout.order", "pk": 34, "fields": {"order_number": "8425D7503E6D4E4BA180A9A82FE6953B", "user_profile": null, "full_name": "test", "email": "test@test.com", "phone_number": "1234567890", "country": "khkhj", "postcode": "12345", "town_or_city": "khkhj", "street_address1": "lkhjh", "street_address2": "khkhj", "county": "khkhj", "date": "2022-07-16T14:24:37.503Z", "delivery_cost": "0.00", "order_total": "0.00", "grand_total": "0.00", "original_cart": "", "stripe_pid": ""}}, {"model": "checkout.order", "pk": 35, "fields": {"order_number": "1CCA801677B14B079B98FCECD4E6CD1E", "user_profile": null, "full_name": "test", "email": "test@test.com", "phone_number": "1234567890", "country": "khkhj", "postcode": "12345", "town_or_city": "khkhj", "street_address1": "khkhj", "street_address2": "khkhj", "county": "khkhj", "date": "2022-07-16T14:26:18.917Z", "delivery_cost": "0.00", "order_total": "0.00", "grand_total": "0.00", "original_cart": "", "stripe_pid": ""}}, {"model": "checkout.order", "pk": 36, "fields": {"order_number": "D518BB862EDA45CEBE3552AF78DDD050", "user_profile": null, "full_name": "test", "email": "test@test.com", "phone_number": "1234567890", "country": "khkhj", "postcode": "12345", "town_or_city": "khkhj", "street_address1": "khkhj", "street_address2": "khkhj", "county": "khkhj", "date": "2022-07-16T14:28:16.560Z", "delivery_cost": "0.00", "order_total": "0.00", "grand_total": "0.00", "original_cart": "", "stripe_pid": ""}}, {"model": "checkout.order", "pk": 37, "fields": {"order_number": "6B8F90B17A0C499B83D161D70429BC9E", "user_profile": null, "full_name": "test", "email": "test@test.com", "phone_number": "1234567890", "country": "khkhj", "postcode": "1245", "town_or_city": "khkhj", "street_address1": "khkhj", "street_address2": "khkhj", "county": "khkhj", "date": "2022-07-16T14:28:55.799Z", "delivery_cost": "8.70", "order_total": "87.00", "grand_total": "95.70", "original_cart": "", "stripe_pid": ""}}, {"model": "checkout.order", "pk": 38, "fields": {"order_number": "207A2E5FBBA946D0B18B25BA0FB0543D", "user_profile": null, "full_name": "test", "email": "test@test.com", "phone_number": "1234567890", "country": "ghghj", "postcode": "12345", "town_or_city": "ghghkj", "street_address1": "ghghjyu", "street_address2": null, "county": "ghghjy", "date": "2022-08-21T12:44:17.502Z", "delivery_cost": "0.00", "order_total": "0.00", "grand_total": "0.00", "original_cart": "", "stripe_pid": ""}}, {"model": "checkout.order", "pk": 39, "fields": {"order_number": "7F3B75E3A09248728D81318F04E0E079", "user_profile": null, "full_name": "test", "email": "test@test.com", "phone_number": "1234567890", "country": "ghghj", "postcode": "12345", "town_or_city": "ghghkj", "street_address1": "ghghjyu", "street_address2": null, "county": "ghghjy", "date": "2022-08-21T12:45:06.606Z", "delivery_cost": "0.00", "order_total": "9557.00", "grand_total": "9557.00", "original_cart": "", "stripe_pid": ""}}, {"model": "checkout.order", "pk": 40, "fields": {"order_number": "947E900E5FE34BC8941F27C196AE045B", "user_profile": null, "full_name": "test", "email": "test@test.com", "phone_number": "1234567890", "country": "ghghj", "postcode": "12345", "town_or_city": "ghghg", "street_address1": "ghghg", "street_address2": "ghghg", "county": "ghghgg", "date": "2022-08-21T12:58:47.471Z", "delivery_cost": "0.00", "order_total": "439.00", "grand_total": "439.00", "original_cart": "", "stripe_pid": ""}}, {"model": "checkout.order", "pk": 41, "fields": {"order_number": "CC9132C843184653B9E9B4BA2AF86D6E", "user_profile": null, "full_name": "test", "email": "test@test.com", "phone_number": "1234567890", "country": "ghghj", "postcode": "12345", "town_or_city": "ghghg", "street_address1": "ghgghhg", "street_address2": "ghghg", "county": "ghghgh", "date": "2022-08-21T13:28:09.847Z", "delivery_cost": "0.00", "order_total": "1518.00", "grand_total": "1518.00", "original_cart": "", "stripe_pid": ""}}, {"model": "checkout.order", "pk": 42, "fields": {"order_number": "A3C6F96B827440B98E652A28F096E996", "user_profile": null, "full_name": "test", "email": "test@test.com", "phone_number": "1234567890", "country": "ghghj", "postcode": "12345", "town_or_city": "ghghg", "street_address1": "ghghg", "street_address2": "ghgg", "county": "ghghy", "date": "2022-08-21T13:59:21.535Z", "delivery_cost": "0.00", "order_total": "1469.00", "grand_total": "1469.00", "original_cart": "", "stripe_pid": ""}}, {"model": "checkout.order", "pk": 43, "fields": {"order_number": "2B43B2E52BC64EDA8DFC35D60FE27524", "user_profile": null, "full_name": "test", "email": "test@test.com", "phone_number": "1234567890", "country": "US", "postcode": "12345", "town_or_city": "galway", "street_address1": "71c Shantalla Road", "street_address2": "Garden Close", "county": "Galway", "date": "2022-08-21T15:18:45.852Z", "delivery_cost": "0.00", "order_total": "199.00", "grand_total": "199.00", "original_cart": "", "stripe_pid": ""}}, {"model": "checkout.order", "pk": 44, "fields": {"order_number": "CD67BB9EDA9145C7925A5330DB186481", "user_profile": null, "full_name": "Daniel Bernard Lynch", "email": "lynch4360@gmail.com", "phone_number": "+353894977821", "country": "US", "postcode": "H91 DX81", "town_or_city": "Galway", "street_address1": "71c Shantalla Road", "street_address2": "Garden Close", "county": "Galway", "date": "2022-08-21T15:21:12.316Z", "delivery_cost": "0.00", "order_total": "4399.00", "grand_total": "4399.00", "original_cart": "", "stripe_pid": ""}}, {"model": "checkout.order", "pk": 45, "fields": {"order_number": "0F06B295A2DB46218D6026E47FCADACB", "user_profile": null, "full_name": "Daniel Bernard Lynch", "email": "lynch4360@gmail.com", "phone_number": "+353894977821", "country": "US", "postcode": "H91 DX81", "town_or_city": "Galway", "street_address1": "71c Shantalla Road", "street_address2": "Garden Close", "county": "Galway", "date": "2022-08-21T15:22:34.294Z", "delivery_cost": "0.00", "order_total": "0.00", "grand_total": "0.00", "original_cart": "", "stripe_pid": ""}}, {"model": "checkout.order", "pk": 46, "fields": {"order_number": "ECFC03E5F4BA47FF9AFE3F299B446691", "user_profile": null, "full_name": "test", "email": "test@test.com", "phone_number": "1234567890", "country": "US", "postcode": "12345", "town_or_city": "ghghg", "street_address1": "ghghg", "street_address2": "gggggg", "county": "ggdfgdf", "date": "2022-08-21T15:25:47.988Z", "delivery_cost": "0.00", "order_total": "0.00", "grand_total": "0.00", "original_cart": "", "stripe_pid": ""}}, {"model": "checkout.order", "pk": 47, "fields": {"order_number": "EB6CB4E739FA438F857E1AA5B057117C", "user_profile": null, "full_name": "Daniel Bernard Lynch", "email": "lynch4360@gmail.com", "phone_number": "0894977821", "country": "US", "postcode": "H91 DX81", "town_or_city": "Galway", "street_address1": "71c Shantalla Road", "street_address2": "Garden Close", "county": "Galway", "date": "2022-08-21T15:27:08.824Z", "delivery_cost": "0.00", "order_total": "0.00", "grand_total": "0.00", "original_cart": "", "stripe_pid": ""}}, {"model": "checkout.order", "pk": 48, "fields": {"order_number": "14559FDFF61449A991F4F6FC270B319E", "user_profile": null, "full_name": "test", "email": "test@test.com", "phone_number": "1234567890", "country": "US", "postcode": "12345", "town_or_city": "ghjghj", "street_address1": "ghghgh", "street_address2": "ghghgh", "county": "ghghj", "date": "2022-08-21T15:29:29.129Z", "delivery_cost": "0.00", "order_total": "878.00", "grand_total": "878.00", "original_cart": "", "stripe_pid": ""}}, {"model": "checkout.order", "pk": 49, "fields": {"order_number": "057682F041DF49AA83474FDC308F2916", "user_profile": null, "full_name": "joe bloggs", "email": "test@test.ie", "phone_number": "09863636363", "country": "IE", "postcode": "foqhovh1iowfhi1", "town_or_city": "dublin", "street_address1": "34nffn", "street_address2": null, "county": null, "date": "2022-08-21T15:48:05.693Z", "delivery_cost": "0.00", "order_total": "539.00", "grand_total": "539.00", "original_cart": "", "stripe_pid": ""}}, {"model": "checkout.order", "pk": 50, "fields": {"order_number": "BD07E63D141A49CEAB97F1442B5CC352", "user_profile": null, "full_name": "test", "email": "test@test.com", "phone_number": "1234567890", "country": "US", "postcode": "12345", "town_or_city": "Galway", "street_address1": "ghghgh", "street_address2": "ghghhg", "county": "ghghgj", "date": "2022-08-21T15:55:40.485Z", "delivery_cost": "0.00", "order_total": "4399.00", "grand_total": "4399.00", "original_cart": "", "stripe_pid": ""}}, {"model": "checkout.order", "pk": 51, "fields": {"order_number": "BEA7E00DB70A4D959809E48E842EBF34", "user_profile": null, "full_name": "joe bloggs", "email": "test@test.ie", "phone_number": "09863636363", "country": "IE", "postcode": "foqhovh1iowfhi1", "town_or_city": "dublin", "street_address1": "34nffn", "street_address2": null, "county": null, "date": "2022-08-21T15:57:52.819Z", "delivery_cost": "0.00", "order_total": "999.00", "grand_total": "999.00", "original_cart": "", "stripe_pid": ""}}, {"model": "checkout.order", "pk": 52, "fields": {"order_number": "E934BCBB0777471B8ECA569470CD7247", "user_profile": null, "full_name": "test", "email": "test@test.com", "phone_number": "1234567890", "country": "US", "postcode": "12345", "town_or_city": "ghghgh", "street_address1": "gdfgfdgdf", "street_address2": "dfgdfgdf", "county": "gfdgdfgdf", "date": "2022-08-21T16:08:40.568Z", "delivery_cost": "0.00", "order_total": "829.00", "grand_total": "829.00", "original_cart": "", "stripe_pid": ""}}, {"model": "checkout.order", "pk": 53, "fields": {"order_number": "8CFBD3E27CDB4E58941111A7D7645EE9", "user_profile": null, "full_name": "test", "email": "test@test.com", "phone_number": "1234567890", "country": "US", "postcode": "12345", "town_or_city": "Galway", "street_address1": "dfsfsda", "street_address2": "fdsfdas", "county": "fadsfdsa", "date": "2022-08-21T16:17:47.833Z", "delivery_cost": "0.00", "order_total": "539.00", "grand_total": "539.00", "original_cart": "", "stripe_pid": ""}}, {"model": "checkout.order", "pk": 54, "fields": {"order_number": "8C4398E7986B4554BDFBDA27A651AD94", "user_profile": null, "full_name": "test", "email": "test@test.com", "phone_number": "1234567890", "country": "US", "postcode": "12345", "town_or_city": "glsegjkf", "street_address1": "sdfdsfsd", "street_address2": "sdffdsfdsf", "county": "dsffsdfd", "date": "2022-08-21T23:46:31.824Z", "delivery_cost": "0.00", "order_total": "439.00", "grand_total": "439.00", "original_cart": "{\"17\": {\"items_by_variation\": {\"rh\": 1}}}", "stripe_pid": "pi_3LZNq6Kw7MIwdVaK1CVziYf1"}}, {"model": "checkout.order", "pk": 55, "fields": {"order_number": "6BD6A86FBC584819BA13E5ED3ED85026", "user_profile": 3, "full_name": "test", "email": "test@test.com", "phone_number": "1234567890", "country": "DE", "postcode": "12345", "town_or_city": "asfdfasd", "street_address1": "sadfdafs", "street_address2": "sdaffasd", "county": "fdfdas", "date": "2022-08-22T13:32:48.815Z", "delivery_cost": "0.00", "order_total": "439.00", "grand_total": "439.00", "original_cart": "{\"17\": {\"items_by_variation\": {\"rh\": 1}}}", "stripe_pid": "pi_3LZajpKw7MIwdVaK0HA80faU"}}, {"model": "checkout.order", "pk": 56, "fields": {"order_number": "4C4C38441B204D088F11282F2DDC5A6A", "user_profile": 3, "full_name": "Test User", "email": "testingUser@user.com", "phone_number": "1234567890", "country": "DE", "postcode": "12345", "town_or_city": "asfdfasd", "street_address1": "sadfdafs", "street_address2": "sdaffasd", "county": "fdfdas", "date": "2022-08-22T19:04:37.266Z", "delivery_cost": "0.00", "order_total": "949.00", "grand_total": "949.00", "original_cart": "{\"29\": {\"items_by_variation\": {\"rh\": 1}}}", "stripe_pid": "pi_3LZfv8Kw7MIwdVaK13WGBxMB"}}, {"model": "checkout.orderlineitem", "pk": 1, "fields": {"order": 25, "product": 3, "product_variation": "rh", "quantity": 2, "lineitem_total": "4.00"}}, {"model": "checkout.orderlineitem", "pk": 2, "fields": {"order": 31, "product": 17, "product_variation": "rh", "quantity": 1, "lineitem_total": "1.00"}}, {"model": "checkout.orderlineitem", "pk": 3, "fields": {"order": 32, "product": 13, "product_variation": "rh", "quantity": 1, "lineitem_total": "569.00"}}, {"model": "checkout.orderlineitem", "pk": 4, "fields": {"order": 37, "product": 69, "product_variation": "rh", "quantity": 1, "lineitem_total": "87.00"}}, {"model": "checkout.orderlineitem", "pk": 5, "fields": {"order": 39, "product": 2, "product_variation": "rh", "quantity": 1, "lineitem_total": "4399.00"}}, {"model": "checkout.orderlineitem", "pk": 6, "fields": {"order": 39, "product": 2, "product_variation": "lh", "quantity": 1, "lineitem_total": "4399.00"}}, {"model": "checkout.orderlineitem", "pk": 7, "fields": {"order": 39, "product": 56, "product_variation": null, "quantity": 1, "lineitem_total": "759.00"}}, {"model": "checkout.orderlineitem", "pk": 8, "fields": {"order": 40, "product": 17, "product_variation": "rh", "quantity": 1, "lineitem_total": "439.00"}}, {"model": "checkout.orderlineitem", "pk": 9, "fields": {"order": 41, "product": 56, "product_variation": null, "quantity": 2, "lineitem_total": "1518.00"}}, {"model": "checkout.orderlineitem", "pk": 10, "fields": {"order": 42, "product": 55, "product_variation": null, "quantity": 1, "lineitem_total": "1469.00"}}, {"model": "checkout.orderlineitem", "pk": 11, "fields": {"order": 43, "product": 71, "product_variation": null, "quantity": 1, "lineitem_total": "199.00"}}, {"model": "checkout.orderlineitem", "pk": 12, "fields": {"order": 44, "product": 2, "product_variation": "rh", "quantity": 1, "lineitem_total": "4399.00"}}, {"model": "checkout.orderlineitem", "pk": 13, "fields": {"order": 48, "product": 17, "product_variation": "rh", "quantity": 2, "lineitem_total": "878.00"}}, {"model": "checkout.orderlineitem", "pk": 14, "fields": {"order": 49, "product": 50, "product_variation": null, "quantity": 1, "lineitem_total": "539.00"}}, {"model": "checkout.orderlineitem", "pk": 15, "fields": {"order": 50, "product": 2, "product_variation": "rh", "quantity": 1, "lineitem_total": "4399.00"}}, {"model": "checkout.orderlineitem", "pk": 16, "fields": {"order": 51, "product": 51, "product_variation": null, "quantity": 1, "lineitem_total": "999.00"}}, {"model": "checkout.orderlineitem", "pk": 17, "fields": {"order": 52, "product": 27, "product_variation": "rh", "quantity": 1, "lineitem_total": "829.00"}}, {"model": "checkout.orderlineitem", "pk": 18, "fields": {"order": 53, "product": 50, "product_variation": null, "quantity": 1, "lineitem_total": "539.00"}}, {"model": "checkout.orderlineitem", "pk": 19, "fields": {"order": 54, "product": 17, "product_variation": "rh", "quantity": 1, "lineitem_total": "439.00"}}, {"model": "checkout.orderlineitem", "pk": 20, "fields": {"order": 55, "product": 17, "product_variation": "rh", "quantity": 1, "lineitem_total": "439.00"}}, {"model": "checkout.orderlineitem", "pk": 21, "fields": {"order": 56, "product": 29, "product_variation": "rh", "quantity": 1, "lineitem_total": "949.00"}}, {"model": "profiles.userprofile", "pk": 1, "fields": {"user": 2, "default_phone_number": null, "default_street_address1": null, "default_street_address2": null, "default_town_or_city": null, "default_county": null, "default_postcode": null, "default_country": null}}, {"model": "profiles.userprofile", "pk": 2, "fields": {"user": 3, "default_phone_number": null, "default_street_address1": null, "default_street_address2": null, "default_town_or_city": null, "default_county": null, "default_postcode": null, "default_country": null}}, {"model": "profiles.userprofile", "pk": 3, "fields": {"user": 4, "default_phone_number": "1234567890", "default_street_address1": "sadfdafs", "default_street_address2": "sdaffasd", "default_town_or_city": "asfdfasd", "default_county": "fdfdas", "default_postcode": "12345", "default_country": "DE"}}]